<XML-summary-file>
<!-- Lamarc v. 2.1.3
     Please do not modify. -->
<chainpack>
	<number> 0 0 0 </number>
	<chainout>
		<badtrees> 0 </badtrees>
		<tinytrees> 0 </tinytrees>
		<stretchedtrees> 0 </stretchedtrees>
		<zerodltrees> 0 </zerodltrees>
		<accrate> 0.307499999999999996 </accrate>
		<llikemle> 5.29646192139403116 </llikemle>
		<llikedata> -1316.69382886695394 </llikedata>
		<starttime> 1216061534 </starttime>
		<endtime> 1216061536 </endtime>
		<rates> <map> Haplotype-Arranger 78 194 </map> <map> Tree-Arranger 39 169 </map> <map> Tree-Size-Arranger 6 37 </map> </rates>
		<estimates>
			<thetas> 0.0165263313709072303 </thetas>
		</estimates>
	</chainout>
</chainpack>
<chainpack>
	<number> 0 0 1 </number>
	<chainout>
		<badtrees> 0 </badtrees>
		<tinytrees> 0 </tinytrees>
		<stretchedtrees> 0 </stretchedtrees>
		<zerodltrees> 0 </zerodltrees>
		<accrate> 0.25 </accrate>
		<llikemle> 0.00298267615862904097 </llikemle>
		<llikedata> -907.322466075139005 </llikedata>
		<starttime> 1216061536 </starttime>
		<endtime> 1216061537 </endtime>
		<rates> <map> Haplotype-Arranger 59 182 </map> <map> Tree-Arranger 33 185 </map> <map> Tree-Size-Arranger 8 33 </map> </rates>
		<estimates>
			<thetas> 0.0167635714720067407 </thetas>
		</estimates>
	</chainout>
</chainpack>
<chainpack>
	<number> 0 0 2 </number>
	<chainout>
		<badtrees> 0 </badtrees>
		<tinytrees> 0 </tinytrees>
		<stretchedtrees> 0 </stretchedtrees>
		<zerodltrees> 0 </zerodltrees>
		<accrate> 0.172499999999999987 </accrate>
		<llikemle> 1.94292421452828523 </llikemle>
		<llikedata> -860.403592422818065 </llikedata>
		<starttime> 1216061537 </starttime>
		<endtime> 1216061538 </endtime>
		<rates> <map> Haplotype-Arranger 50 189 </map> <map> Tree-Arranger 17 173 </map> <map> Tree-Size-Arranger 2 38 </map> </rates>
		<estimates>
			<thetas> 0.0227250104910124429 </thetas>
		</estimates>
	</chainout>
</chainpack>
<chainpack>
	<number> 0 0 3 </number>
	<chainout>
		<badtrees> 0 </badtrees>
		<tinytrees> 0 </tinytrees>
		<stretchedtrees> 0 </stretchedtrees>
		<zerodltrees> 0 </zerodltrees>
		<accrate> 0.0899999999999999967 </accrate>
		<llikemle> 0.0102812340940778863 </llikemle>
		<llikedata> -824.509421498563825 </llikedata>
		<starttime> 1216061538 </starttime>
		<endtime> 1216061539 </endtime>
		<rates> <map> Haplotype-Arranger 24 178 </map> <map> Tree-Arranger 7 176 </map> <map> Tree-Size-Arranger 5 46 </map> </rates>
		<estimates>
			<thetas> 0.0232844008570914016 </thetas>
		</estimates>
	</chainout>
</chainpack>
<chainpack>
	<number> 0 0 4 </number>
	<chainout>
		<badtrees> 0 </badtrees>
		<tinytrees> 0 </tinytrees>
		<stretchedtrees> 0 </stretchedtrees>
		<zerodltrees> 0 </zerodltrees>
		<accrate> 0.137500000000000011 </accrate>
		<llikemle> 0.121871478382561599 </llikemle>
		<llikedata> -789.935607732492258 </llikedata>
		<starttime> 1216061539 </starttime>
		<endtime> 1216061541 </endtime>
		<rates> <map> Haplotype-Arranger 40 194 </map> <map> Tree-Arranger 14 163 </map> <map> Tree-Size-Arranger 1 43 </map> </rates>
		<estimates>
			<thetas> 0.0252518020803289348 </thetas>
		</estimates>
	</chainout>
</chainpack>
<chainpack>
	<number> 0 0 5 </number>
	<chainout>
		<badtrees> 0 </badtrees>
		<tinytrees> 0 </tinytrees>
		<stretchedtrees> 0 </stretchedtrees>
		<zerodltrees> 0 </zerodltrees>
		<accrate> 0.157500000000000001 </accrate>
		<llikemle> 0.134111390846827994 </llikemle>
		<llikedata> -765.750966055823142 </llikedata>
		<starttime> 1216061541 </starttime>
		<endtime> 1216061542 </endtime>
		<rates> <map> Haplotype-Arranger 45 173 </map> <map> Tree-Arranger 15 183 </map> <map> Tree-Size-Arranger 3 44 </map> </rates>
		<estimates>
			<thetas> 0.0231945887791192781 </thetas>
		</estimates>
	</chainout>
</chainpack>
<chainpack>
	<number> 0 0 6 </number>
	<chainout>
		<badtrees> 0 </badtrees>
		<tinytrees> 0 </tinytrees>
		<stretchedtrees> 0 </stretchedtrees>
		<zerodltrees> 0 </zerodltrees>
		<accrate> 0.152499999999999997 </accrate>
		<llikemle> 0.20465721186136096 </llikemle>
		<llikedata> -711.347726221362336 </llikedata>
		<starttime> 1216061542 </starttime>
		<endtime> 1216061543 </endtime>
		<rates> <map> Haplotype-Arranger 43 171 </map> <map> Tree-Arranger 13 191 </map> <map> Tree-Size-Arranger 5 38 </map> </rates>
		<estimates>
			<thetas> 0.0207521128002075526 </thetas>
		</estimates>
	</chainout>
</chainpack>
<chainpack>
	<number> 0 0 7 </number>
	<chainout>
		<badtrees> 0 </badtrees>
		<tinytrees> 0 </tinytrees>
		<stretchedtrees> 0 </stretchedtrees>
		<zerodltrees> 0 </zerodltrees>
		<accrate> 0.157500000000000001 </accrate>
		<llikemle> 0.499174046780430702 </llikemle>
		<llikedata> -703.197889752339051 </llikedata>
		<starttime> 1216061543 </starttime>
		<endtime> 1216061544 </endtime>
		<rates> <map> Haplotype-Arranger 49 173 </map> <map> Tree-Arranger 9 197 </map> <map> Tree-Size-Arranger 5 30 </map> </rates>
		<estimates>
			<thetas> 0.0174738646157217917 </thetas>
		</estimates>
	</chainout>
</chainpack>
<chainpack>
	<number> 0 0 8 </number>
	<chainout>
		<badtrees> 0 </badtrees>
		<tinytrees> 0 </tinytrees>
		<stretchedtrees> 0 </stretchedtrees>
		<zerodltrees> 0 </zerodltrees>
		<accrate> 0.190000000000000002 </accrate>
		<llikemle> 0.0399512451410866457 </llikemle>
		<llikedata> -709.000112628087891 </llikedata>
		<starttime> 1216061544 </starttime>
		<endtime> 1216061546 </endtime>
		<rates> <map> Haplotype-Arranger 57 188 </map> <map> Tree-Arranger 16 179 </map> <map> Tree-Size-Arranger 3 33 </map> </rates>
		<estimates>
			<thetas> 0.0166876299538877455 </thetas>
		</estimates>
	</chainout>
</chainpack>
<chainpack>
	<number> 0 0 9 </number>
	<chainout>
		<badtrees> 0 </badtrees>
		<tinytrees> 0 </tinytrees>
		<stretchedtrees> 0 </stretchedtrees>
		<zerodltrees> 0 </zerodltrees>
		<accrate> 0.190000000000000002 </accrate>
		<llikemle> 0.230655538492749002 </llikemle>
		<llikedata> -713.351268177472434 </llikedata>
		<starttime> 1216061546 </starttime>
		<endtime> 1216061547 </endtime>
		<rates> <map> Haplotype-Arranger 60 187 </map> <map> Tree-Arranger 10 176 </map> <map> Tree-Size-Arranger 6 37 </map> </rates>
		<estimates>
			<thetas> 0.0188816953197899762 </thetas>
		</estimates>
	</chainout>
</chainpack>
<chainpack>
	<number> 0 0 10 </number>
	<chainout>
		<badtrees> 0 </badtrees>
		<tinytrees> 0 </tinytrees>
		<stretchedtrees> 0 </stretchedtrees>
		<zerodltrees> 0 </zerodltrees>
		<accrate> 0.19900000000000001 </accrate>
		<llikemle> 0.0109132374887524683 </llikemle>
		<llikedata> -691.853336701673811 </llikedata>
		<starttime> 1216061547 </starttime>
		<endtime> 1216061550 </endtime>
		<rates> <map> Haplotype-Arranger 162 463 </map> <map> Tree-Arranger 33 461 </map> <map> Tree-Size-Arranger 4 76 </map> </rates>
		<estimates>
			<thetas> 0.0184054545936527605 </thetas>
		</estimates>
	</chainout>
</chainpack>
<chainsum>
	<reg_rep> 0 0 </reg_rep>
	<treesum>
		<ncopy> 1 </ncopy>
		<shortforce> coalesce short
			<shortpoint> 39 </shortpoint>
			<shortwait> 0.644013602822919529 </shortwait>
		</shortforce>
	</treesum>
	<treesum>
		<ncopy> 1 </ncopy>
		<shortforce> coalesce short
			<shortpoint> 39 </shortpoint>
			<shortwait> 0.761523293300308102 </shortwait>
		</shortforce>
	</treesum>
	<treesum>
		<ncopy> 1 </ncopy>
		<shortforce> coalesce short
			<shortpoint> 39 </shortpoint>
			<shortwait> 0.759055014502048375 </shortwait>
		</shortforce>
	</treesum>
	<treesum>
		<ncopy> 1 </ncopy>
		<shortforce> coalesce short
			<shortpoint> 39 </shortpoint>
			<shortwait> 0.716003175974458284 </shortwait>
		</shortforce>
	</treesum>
	<treesum>
		<ncopy> 1 </ncopy>
		<shortforce> coalesce short
			<shortpoint> 39 </shortpoint>
			<shortwait> 0.718288372399993436 </shortwait>
		</shortforce>
	</treesum>
	<treesum>
		<ncopy> 1 </ncopy>
		<shortforce> coalesce short
			<shortpoint> 39 </shortpoint>
			<shortwait> 0.760517228734007178 </shortwait>
		</shortforce>
	</treesum>
	<treesum>
		<ncopy> 1 </ncopy>
		<shortforce> coalesce short
			<shortpoint> 39 </shortpoint>
			<shortwait> 0.760517228734007178 </shortwait>
		</shortforce>
	</treesum>
	<treesum>
		<ncopy> 1 </ncopy>
		<shortforce> coalesce short
			<shortpoint> 39 </shortpoint>
			<shortwait> 0.76610399522387107 </shortwait>
		</shortforce>
	</treesum>
	<treesum>
		<ncopy> 1 </ncopy>
		<shortforce> coalesce short
			<shortpoint> 39 </shortpoint>
			<shortwait> 0.782699224888583345 </shortwait>
		</shortforce>
	</treesum>
	<treesum>
		<ncopy> 1 </ncopy>
		<shortforce> coalesce short
			<shortpoint> 39 </shortpoint>
			<shortwait> 0.780080334977536816 </shortwait>
		</shortforce>
	</treesum>
	<treesum>
		<ncopy> 1 </ncopy>
		<shortforce> coalesce short
			<shortpoint> 39 </shortpoint>
			<shortwait> 0.780080334977536816 </shortwait>
		</shortforce>
	</treesum>
	<treesum>
		<ncopy> 1 </ncopy>
		<shortforce> coalesce short
			<shortpoint> 39 </shortpoint>
			<shortwait> 0.780080334977536816 </shortwait>
		</shortforce>
	</treesum>
	<treesum>
		<ncopy> 1 </ncopy>
		<shortforce> coalesce short
			<shortpoint> 39 </shortpoint>
			<shortwait> 0.687905444212797201 </shortwait>
		</shortforce>
	</treesum>
	<treesum>
		<ncopy> 1 </ncopy>
		<shortforce> coalesce short
			<shortpoint> 39 </shortpoint>
			<shortwait> 0.687905444212797201 </shortwait>
		</shortforce>
	</treesum>
	<treesum>
		<ncopy> 1 </ncopy>
		<shortforce> coalesce short
			<shortpoint> 39 </shortpoint>
			<shortwait> 0.687905444212797201 </shortwait>
		</shortforce>
	</treesum>
	<treesum>
		<ncopy> 1 </ncopy>
		<shortforce> coalesce short
			<shortpoint> 39 </shortpoint>
			<shortwait> 0.687905444212797201 </shortwait>
		</shortforce>
	</treesum>
	<treesum>
		<ncopy> 1 </ncopy>
		<shortforce> coalesce short
			<shortpoint> 39 </shortpoint>
			<shortwait> 0.687905444212797201 </shortwait>
		</shortforce>
	</treesum>
	<treesum>
		<ncopy> 1 </ncopy>
		<shortforce> coalesce short
			<shortpoint> 39 </shortpoint>
			<shortwait> 0.682788428608077425 </shortwait>
		</shortforce>
	</treesum>
	<treesum>
		<ncopy> 1 </ncopy>
		<shortforce> coalesce short
			<shortpoint> 39 </shortpoint>
			<shortwait> 0.682788428608077425 </shortwait>
		</shortforce>
	</treesum>
	<treesum>
		<ncopy> 1 </ncopy>
		<shortforce> coalesce short
			<shortpoint> 39 </shortpoint>
			<shortwait> 0.710118914983584815 </shortwait>
		</shortforce>
	</treesum>
	<treesum>
		<ncopy> 1 </ncopy>
		<shortforce> coalesce short
			<shortpoint> 39 </shortpoint>
			<shortwait> 0.710118914983584815 </shortwait>
		</shortforce>
	</treesum>
	<treesum>
		<ncopy> 1 </ncopy>
		<shortforce> coalesce short
			<shortpoint> 39 </shortpoint>
			<shortwait> 0.712724921413115386 </shortwait>
		</shortforce>
	</treesum>
	<treesum>
		<ncopy> 1 </ncopy>
		<shortforce> coalesce short
			<shortpoint> 39 </shortpoint>
			<shortwait> 0.710573030410073914 </shortwait>
		</shortforce>
	</treesum>
	<treesum>
		<ncopy> 1 </ncopy>
		<shortforce> coalesce short
			<shortpoint> 39 </shortpoint>
			<shortwait> 0.69986726630754359 </shortwait>
		</shortforce>
	</treesum>
	<treesum>
		<ncopy> 1 </ncopy>
		<shortforce> coalesce short
			<shortpoint> 39 </shortpoint>
			<shortwait> 0.698105623739689762 </shortwait>
		</shortforce>
	</treesum>
	<treesum>
		<ncopy> 1 </ncopy>
		<shortforce> coalesce short
			<shortpoint> 39 </shortpoint>
			<shortwait> 0.689725120181848284 </shortwait>
		</shortforce>
	</treesum>
	<treesum>
		<ncopy> 1 </ncopy>
		<shortforce> coalesce short
			<shortpoint> 39 </shortpoint>
			<shortwait> 0.689725120181848284 </shortwait>
		</shortforce>
	</treesum>
	<treesum>
		<ncopy> 1 </ncopy>
		<shortforce> coalesce short
			<shortpoint> 39 </shortpoint>
			<shortwait> 0.682909931483190347 </shortwait>
		</shortforce>
	</treesum>
	<treesum>
		<ncopy> 1 </ncopy>
		<shortforce> coalesce short
			<shortpoint> 39 </shortpoint>
			<shortwait> 0.682303616692744974 </shortwait>
		</shortforce>
	</treesum>
	<treesum>
		<ncopy> 1 </ncopy>
		<shortforce> coalesce short
			<shortpoint> 39 </shortpoint>
			<shortwait> 0.682303616692744974 </shortwait>
		</shortforce>
	</treesum>
	<treesum>
		<ncopy> 1 </ncopy>
		<shortforce> coalesce short
			<shortpoint> 39 </shortpoint>
			<shortwait> 0.682303616692744974 </shortwait>
		</shortforce>
	</treesum>
	<treesum>
		<ncopy> 1 </ncopy>
		<shortforce> coalesce short
			<shortpoint> 39 </shortpoint>
			<shortwait> 0.682303616692744974 </shortwait>
		</shortforce>
	</treesum>
	<treesum>
		<ncopy> 1 </ncopy>
		<shortforce> coalesce short
			<shortpoint> 39 </shortpoint>
			<shortwait> 0.682303616692744974 </shortwait>
		</shortforce>
	</treesum>
	<treesum>
		<ncopy> 1 </ncopy>
		<shortforce> coalesce short
			<shortpoint> 39 </shortpoint>
			<shortwait> 0.682303616692744974 </shortwait>
		</shortforce>
	</treesum>
	<treesum>
		<ncopy> 1 </ncopy>
		<shortforce> coalesce short
			<shortpoint> 39 </shortpoint>
			<shortwait> 0.682730392517368667 </shortwait>
		</shortforce>
	</treesum>
	<treesum>
		<ncopy> 1 </ncopy>
		<shortforce> coalesce short
			<shortpoint> 39 </shortpoint>
			<shortwait> 0.690018711191858092 </shortwait>
		</shortforce>
	</treesum>
	<treesum>
		<ncopy> 1 </ncopy>
		<shortforce> coalesce short
			<shortpoint> 39 </shortpoint>
			<shortwait> 0.690018711191858092 </shortwait>
		</shortforce>
	</treesum>
	<treesum>
		<ncopy> 1 </ncopy>
		<shortforce> coalesce short
			<shortpoint> 39 </shortpoint>
			<shortwait> 0.723604345910138558 </shortwait>
		</shortforce>
	</treesum>
	<treesum>
		<ncopy> 1 </ncopy>
		<shortforce> coalesce short
			<shortpoint> 39 </shortpoint>
			<shortwait> 0.720436914724106647 </shortwait>
		</shortforce>
	</treesum>
	<treesum>
		<ncopy> 1 </ncopy>
		<shortforce> coalesce short
			<shortpoint> 39 </shortpoint>
			<shortwait> 0.720436914724106647 </shortwait>
		</shortforce>
	</treesum>
	<treesum>
		<ncopy> 1 </ncopy>
		<shortforce> coalesce short
			<shortpoint> 39 </shortpoint>
			<shortwait> 0.728879675999970611 </shortwait>
		</shortforce>
	</treesum>
	<treesum>
		<ncopy> 1 </ncopy>
		<shortforce> coalesce short
			<shortpoint> 39 </shortpoint>
			<shortwait> 0.731721490743069136 </shortwait>
		</shortforce>
	</treesum>
	<treesum>
		<ncopy> 1 </ncopy>
		<shortforce> coalesce short
			<shortpoint> 39 </shortpoint>
			<shortwait> 0.740675469711902457 </shortwait>
		</shortforce>
	</treesum>
	<treesum>
		<ncopy> 1 </ncopy>
		<shortforce> coalesce short
			<shortpoint> 39 </shortpoint>
			<shortwait> 0.737706682961650428 </shortwait>
		</shortforce>
	</treesum>
	<treesum>
		<ncopy> 1 </ncopy>
		<shortforce> coalesce short
			<shortpoint> 39 </shortpoint>
			<shortwait> 0.764652651944820017 </shortwait>
		</shortforce>
	</treesum>
	<treesum>
		<ncopy> 1 </ncopy>
		<shortforce> coalesce short
			<shortpoint> 39 </shortpoint>
			<shortwait> 0.759401357613338712 </shortwait>
		</shortforce>
	</treesum>
	<treesum>
		<ncopy> 1 </ncopy>
		<shortforce> coalesce short
			<shortpoint> 39 </shortpoint>
			<shortwait> 0.759401357613338712 </shortwait>
		</shortforce>
	</treesum>
	<treesum>
		<ncopy> 1 </ncopy>
		<shortforce> coalesce short
			<shortpoint> 39 </shortpoint>
			<shortwait> 0.759401357613338712 </shortwait>
		</shortforce>
	</treesum>
	<treesum>
		<ncopy> 1 </ncopy>
		<shortforce> coalesce short
			<shortpoint> 39 </shortpoint>
			<shortwait> 0.764042072306860609 </shortwait>
		</shortforce>
	</treesum>
	<treesum>
		<ncopy> 1 </ncopy>
		<shortforce> coalesce short
			<shortpoint> 39 </shortpoint>
			<shortwait> 0.764042072306860609 </shortwait>
		</shortforce>
	</treesum>
</chainsum>
<chainpack>
	<number> 0 0 11 </number>
	<chainout>
		<badtrees> 0 </badtrees>
		<tinytrees> 0 </tinytrees>
		<stretchedtrees> 0 </stretchedtrees>
		<zerodltrees> 0 </zerodltrees>
		<accrate> 0.154999999999999999 </accrate>
		<llikemle> 5.69493579527665552e-05 </llikemle>
		<llikedata> -690.572971781189608 </llikedata>
		<starttime> 1216061550 </starttime>
		<endtime> 1216061553 </endtime>
		<rates> <map> Haplotype-Arranger 120 443 </map> <map> Tree-Arranger 25 462 </map> <map> Tree-Size-Arranger 10 95 </map> </rates>
		<estimates>
			<thetas> 0.0184386225099534146 </thetas>
		</estimates>
	</chainout>
</chainpack>
<!-- End summary file
	 Generated from run that started at: Mon Jul 14 11:52:14 2008
	 and ended at: Mon Jul 14 11:52:33 2008 -->
</XML-summary-file>
