<?xml version="1.0" ?>
<lamarc>
    <data>
        <region name="chrom2">
            <spacing>
                <block name="chrom2-segment1">
                    <map-position> 1000 </map-position>
                    <length> 500 </length>
                    <offset> -4 </offset>
                    <locations> 2 88 125 173 443 </locations>
                </block>
                <block name="chrom2-segment2">
                    <map-position> 5000 </map-position>
                    <length> 250 </length>
                    <offset> -4 </offset>
                    <locations> 13 19 35 77 102 112 204 </locations>
                </block>
            </spacing>
            <population name="North">
                <individual name="n_ind0_a">
                    <sample name="n_ind0_a_0">
                        <datablock type="SNP"> Gaaaa </datablock>
                        <datablock type="SNP"> Caaaaaa </datablock>
                    </sample>
                </individual>
                <individual name="n_ind0_b">
                    <sample name="n_ind0_b_0">
                        <datablock type="SNP"> aGaaa </datablock>
                        <datablock type="SNP"> aCaaaaa </datablock>
                    </sample>
                </individual>
                <individual name="n_ind1_a">
                    <sample name="n_ind1_a_0">
                        <datablock type="SNP"> aaGaa </datablock>
                        <datablock type="SNP"> aaCaaaa </datablock>
                    </sample>
                </individual>
                <individual name="n_ind1_b">
                    <sample name="n_ind1_b_0">
                        <datablock type="SNP"> aaaGa </datablock>
                        <datablock type="SNP"> aaaCaaa </datablock>
                    </sample>
                </individual>
                <individual name="n_ind2_a">
                    <sample name="n_ind2_a_0">
                        <datablock type="SNP"> aaaaG </datablock>
                        <datablock type="SNP"> aaaaCaa </datablock>
                    </sample>
                </individual>
                <individual name="n_ind2_b">
                    <sample name="n_ind2_b_0">
                        <datablock type="SNP"> Taaaa </datablock>
                        <datablock type="SNP"> aaaaaCa </datablock>
                    </sample>
                </individual>
            </population>
            <population name="South">
                <individual name="s_ind0_a">
                    <sample name="s_ind0_a_0">
                        <datablock type="SNP"> Taaaa </datablock>
                        <datablock type="SNP"> Gaaaaaa </datablock>
                    </sample>
                </individual>
                <individual name="s_ind0_b">
                    <sample name="s_ind0_b_0">
                        <datablock type="SNP"> aTaaa </datablock>
                        <datablock type="SNP"> aGaaaaa </datablock>
                    </sample>
                </individual>
                <individual name="s_ind1_a">
                    <sample name="s_ind1_a_0">
                        <datablock type="SNP"> aaTaa </datablock>
                        <datablock type="SNP"> aaGaaaa </datablock>
                    </sample>
                </individual>
                <individual name="s_ind1_b">
                    <sample name="s_ind1_b_0">
                        <datablock type="SNP"> aaaTa </datablock>
                        <datablock type="SNP"> aaaGaaa </datablock>
                    </sample>
                </individual>
            </population>
        </region>
    </data>
</lamarc>
