<?xml version="1.0" ?>
<lamarc>
    <data>
        <region name="from chrom3microsat.mig">
            <spacing>
                <block name="segment 1 of chrom3microsat.mig">
                    <map-position> 500 </map-position>
                </block>
                <block name="segment 1 of chrom3snp.mig">
                    <map-position> 501 </map-position>
                    <length> 100 </length>
                    <offset> 1 </offset>
                    <locations> 23 </locations>
                </block>
            </spacing>
            <population name="North">
                <individual name="n_ind0">
                    <phase type="unknown"></phase>
                    <phase type="unknown"></phase>
                    <sample name="n_ind0_a">
                        <datablock type="Microsat">  18 </datablock>
                        <datablock type="SNP"> T </datablock>
                    </sample>
                    <sample name="n_ind0_b">
                        <datablock type="Microsat">  18 </datablock>
                        <datablock type="SNP"> c </datablock>
                    </sample>
                </individual>
                <individual name="n_ind1">
                    <phase type="unknown"></phase>
                    <phase type="unknown"></phase>
                    <sample name="n_ind1_a">
                        <datablock type="Microsat">  18 </datablock>
                        <datablock type="SNP"> c </datablock>
                    </sample>
                    <sample name="n_ind1_b">
                        <datablock type="Microsat">  19 </datablock>
                        <datablock type="SNP"> c </datablock>
                    </sample>
                </individual>
                <individual name="n_ind2">
                    <phase type="unknown"></phase>
                    <phase type="unknown"></phase>
                    <sample name="n_ind2_a">
                        <datablock type="Microsat">  18 </datablock>
                        <datablock type="SNP"> A </datablock>
                    </sample>
                    <sample name="n_ind2_b">
                        <datablock type="Microsat">  20 </datablock>
                        <datablock type="SNP"> c </datablock>
                    </sample>
                </individual>
            </population>
            <population name="South">
                <individual name="s_ind0">
                    <phase type="unknown"></phase>
                    <phase type="unknown"></phase>
                    <sample name="s_ind0_a">
                        <datablock type="Microsat">  19 </datablock>
                        <datablock type="SNP"> G </datablock>
                    </sample>
                    <sample name="s_ind0_b">
                        <datablock type="Microsat">  20 </datablock>
                        <datablock type="SNP"> c </datablock>
                    </sample>
                </individual>
                <individual name="s_ind1">
                    <phase type="unknown"></phase>
                    <phase type="unknown"></phase>
                    <sample name="s_ind1_a">
                        <datablock type="Microsat">  19 </datablock>
                        <datablock type="SNP"> c </datablock>
                    </sample>
                    <sample name="s_ind1_b">
                        <datablock type="Microsat">  21 </datablock>
                        <datablock type="SNP"> c </datablock>
                    </sample>
                </individual>
            </population>
        </region>
    </data>
</lamarc>
