<XML-summary-file>
<!-- Lamarc v. 2.1
     Please do not modify. -->
<chainpack>
	<number> 0 0 0 </number>
	<chainout>
		<badtrees> 0 </badtrees>
		<tinytrees> 0 </tinytrees>
		<stretchedtrees> 0 </stretchedtrees>
		<zerodltrees> 0 </zerodltrees>
		<accrate> 0.612500000000000044 </accrate>
		<llikemle> 0.538712671834026713 </llikemle>
		<llikedata> -1588.45256813984247 </llikedata>
		<starttime> 1178321701 </starttime>
		<endtime> 1178321712 </endtime>
		<rates> <map> Haplotype-Arranger 193 196 </map> <map> Tree-Arranger 43 172 </map> <map> Tree-Size-Arranger 9 32 </map> </rates>
		<estimates>
			<thetas> 0.0120257115765157498 </thetas>
		</estimates>
	</chainout>
</chainpack>
<chainpack>
	<number> 0 0 1 </number>
	<chainout>
		<badtrees> 0 </badtrees>
		<tinytrees> 0 </tinytrees>
		<stretchedtrees> 0 </stretchedtrees>
		<zerodltrees> 0 </zerodltrees>
		<accrate> 0.527499999999999969 </accrate>
		<llikemle> 0.539228034945132384 </llikemle>
		<llikedata> -1106.28974844351546 </llikedata>
		<starttime> 1178321712 </starttime>
		<endtime> 1178321729 </endtime>
		<rates> <map> Haplotype-Arranger 178 183 </map> <map> Tree-Arranger 30 193 </map> <map> Tree-Size-Arranger 3 24 </map> </rates>
		<estimates>
			<thetas> 0.0142841978711627498 </thetas>
		</estimates>
	</chainout>
</chainpack>
<chainpack>
	<number> 0 0 2 </number>
	<chainout>
		<badtrees> 0 </badtrees>
		<tinytrees> 0 </tinytrees>
		<stretchedtrees> 0 </stretchedtrees>
		<zerodltrees> 0 </zerodltrees>
		<accrate> 0.484999999999999987 </accrate>
		<llikemle> 0.411472421782214992 </llikemle>
		<llikedata> -984.024489222281318 </llikedata>
		<starttime> 1178321729 </starttime>
		<endtime> 1178321745 </endtime>
		<rates> <map> Haplotype-Arranger 166 166 </map> <map> Tree-Arranger 24 184 </map> <map> Tree-Size-Arranger 4 50 </map> </rates>
		<estimates>
			<thetas> 0.0165838607959543916 </thetas>
		</estimates>
	</chainout>
</chainpack>
<chainpack>
	<number> 0 0 3 </number>
	<chainout>
		<badtrees> 0 </badtrees>
		<tinytrees> 0 </tinytrees>
		<stretchedtrees> 0 </stretchedtrees>
		<zerodltrees> 0 </zerodltrees>
		<accrate> 0.522499999999999964 </accrate>
		<llikemle> 0.0206919048311439667 </llikemle>
		<llikedata> -892.84297882032763 </llikedata>
		<starttime> 1178321745 </starttime>
		<endtime> 1178321762 </endtime>
		<rates> <map> Haplotype-Arranger 183 183 </map> <map> Tree-Arranger 18 178 </map> <map> Tree-Size-Arranger 8 39 </map> </rates>
		<estimates>
			<thetas> 0.0159763679014139279 </thetas>
		</estimates>
	</chainout>
</chainpack>
<chainpack>
	<number> 0 0 4 </number>
	<chainout>
		<badtrees> 0 </badtrees>
		<tinytrees> 0 </tinytrees>
		<stretchedtrees> 0 </stretchedtrees>
		<zerodltrees> 0 </zerodltrees>
		<accrate> 0.497499999999999998 </accrate>
		<llikemle> 0.00301805214156081712 </llikemle>
		<llikedata> -877.871638917187056 </llikedata>
		<starttime> 1178321763 </starttime>
		<endtime> 1178321777 </endtime>
		<rates> <map> Haplotype-Arranger 182 182 </map> <map> Tree-Arranger 9 174 </map> <map> Tree-Size-Arranger 8 44 </map> </rates>
		<estimates>
			<thetas> 0.0161837282763947279 </thetas>
		</estimates>
	</chainout>
</chainpack>
<chainpack>
	<number> 0 0 5 </number>
	<chainout>
		<badtrees> 0 </badtrees>
		<tinytrees> 0 </tinytrees>
		<stretchedtrees> 0 </stretchedtrees>
		<zerodltrees> 0 </zerodltrees>
		<accrate> 0.542499999999999982 </accrate>
		<llikemle> 0.0102684748759531343 </llikemle>
		<llikedata> -871.221112816848063 </llikedata>
		<starttime> 1178321777 </starttime>
		<endtime> 1178321791 </endtime>
		<rates> <map> Haplotype-Arranger 199 199 </map> <map> Tree-Arranger 14 171 </map> <map> Tree-Size-Arranger 4 30 </map> </rates>
		<estimates>
			<thetas> 0.0165680339333325599 </thetas>
		</estimates>
	</chainout>
</chainpack>
<chainpack>
	<number> 0 0 6 </number>
	<chainout>
		<badtrees> 0 </badtrees>
		<tinytrees> 0 </tinytrees>
		<stretchedtrees> 0 </stretchedtrees>
		<zerodltrees> 0 </zerodltrees>
		<accrate> 0.489999999999999991 </accrate>
		<llikemle> 0.155206076129538989 </llikemle>
		<llikedata> -793.000153138136056 </llikedata>
		<starttime> 1178321791 </starttime>
		<endtime> 1178321805 </endtime>
		<rates> <map> Haplotype-Arranger 180 184 </map> <map> Tree-Arranger 11 182 </map> <map> Tree-Size-Arranger 5 34 </map> </rates>
		<estimates>
			<thetas> 0.0181407999360844209 </thetas>
		</estimates>
	</chainout>
</chainpack>
<chainpack>
	<number> 0 0 7 </number>
	<chainout>
		<badtrees> 0 </badtrees>
		<tinytrees> 0 </tinytrees>
		<stretchedtrees> 0 </stretchedtrees>
		<zerodltrees> 0 </zerodltrees>
		<accrate> 0.457500000000000018 </accrate>
		<llikemle> 0.000204824552866680079 </llikemle>
		<llikedata> -764.368546537760835 </llikedata>
		<starttime> 1178321805 </starttime>
		<endtime> 1178321820 </endtime>
		<rates> <map> Haplotype-Arranger 168 174 </map> <map> Tree-Arranger 13 190 </map> <map> Tree-Size-Arranger 2 36 </map> </rates>
		<estimates>
			<thetas> 0.0180361859488285363 </thetas>
		</estimates>
	</chainout>
</chainpack>
<chainpack>
	<number> 0 0 8 </number>
	<chainout>
		<badtrees> 0 </badtrees>
		<tinytrees> 0 </tinytrees>
		<stretchedtrees> 0 </stretchedtrees>
		<zerodltrees> 0 </zerodltrees>
		<accrate> 0.489999999999999991 </accrate>
		<llikemle> 0.0458521486489222585 </llikemle>
		<llikedata> -698.385303723699622 </llikedata>
		<starttime> 1178321821 </starttime>
		<endtime> 1178321830 </endtime>
		<rates> <map> Haplotype-Arranger 182 184 </map> <map> Tree-Arranger 13 178 </map> <map> Tree-Size-Arranger 1 38 </map> </rates>
		<estimates>
			<thetas> 0.0171638649008992276 </thetas>
		</estimates>
	</chainout>
</chainpack>
<chainpack>
	<number> 0 0 9 </number>
	<chainout>
		<badtrees> 0 </badtrees>
		<tinytrees> 0 </tinytrees>
		<stretchedtrees> 0 </stretchedtrees>
		<zerodltrees> 0 </zerodltrees>
		<accrate> 0.494999999999999996 </accrate>
		<llikemle> 0.0152859195949972028 </llikemle>
		<llikedata> -697.479177844897436 </llikedata>
		<starttime> 1178321830 </starttime>
		<endtime> 1178321845 </endtime>
		<rates> <map> Haplotype-Arranger 186 190 </map> <map> Tree-Arranger 9 176 </map> <map> Tree-Size-Arranger 3 34 </map> </rates>
		<estimates>
			<thetas> 0.0166857707858377342 </thetas>
		</estimates>
	</chainout>
</chainpack>
<chainpack>
	<number> 0 0 10 </number>
	<chainout>
		<badtrees> 0 </badtrees>
		<tinytrees> 0 </tinytrees>
		<stretchedtrees> 0 </stretchedtrees>
		<zerodltrees> 0 </zerodltrees>
		<accrate> 0.47699999999999998 </accrate>
		<llikemle> 0.103222960849779041 </llikemle>
		<llikedata> -696.856093643413146 </llikedata>
		<starttime> 1178321845 </starttime>
		<endtime> 1178321878 </endtime>
		<rates> <map> Haplotype-Arranger 445 455 </map> <map> Tree-Arranger 28 462 </map> <map> Tree-Size-Arranger 4 83 </map> </rates>
		<estimates>
			<thetas> 0.0179946648478754301 </thetas>
		</estimates>
	</chainout>
</chainpack>
<chainsum>
	<reg_rep> 0 0 </reg_rep>
	<treesum>
		<ncopy> 1 </ncopy>
		<shortforce> coalesce short
			<shortpoint> 39 </shortpoint>
			<shortwait> 0.6770176887953403 </shortwait>
		</shortforce>
	</treesum>
	<treesum>
		<ncopy> 1 </ncopy>
		<shortforce> coalesce short
			<shortpoint> 39 </shortpoint>
			<shortwait> 0.637064759108777356 </shortwait>
		</shortforce>
	</treesum>
	<treesum>
		<ncopy> 1 </ncopy>
		<shortforce> coalesce short
			<shortpoint> 39 </shortpoint>
			<shortwait> 0.637064759108777356 </shortwait>
		</shortforce>
	</treesum>
	<treesum>
		<ncopy> 1 </ncopy>
		<shortforce> coalesce short
			<shortpoint> 39 </shortpoint>
			<shortwait> 0.637064759108777356 </shortwait>
		</shortforce>
	</treesum>
	<treesum>
		<ncopy> 1 </ncopy>
		<shortforce> coalesce short
			<shortpoint> 39 </shortpoint>
			<shortwait> 0.637064759108777356 </shortwait>
		</shortforce>
	</treesum>
	<treesum>
		<ncopy> 1 </ncopy>
		<shortforce> coalesce short
			<shortpoint> 39 </shortpoint>
			<shortwait> 0.637064759108777356 </shortwait>
		</shortforce>
	</treesum>
	<treesum>
		<ncopy> 1 </ncopy>
		<shortforce> coalesce short
			<shortpoint> 39 </shortpoint>
			<shortwait> 0.641231667291349172 </shortwait>
		</shortforce>
	</treesum>
	<treesum>
		<ncopy> 1 </ncopy>
		<shortforce> coalesce short
			<shortpoint> 39 </shortpoint>
			<shortwait> 0.641231667291349172 </shortwait>
		</shortforce>
	</treesum>
	<treesum>
		<ncopy> 1 </ncopy>
		<shortforce> coalesce short
			<shortpoint> 39 </shortpoint>
			<shortwait> 0.645333625893964258 </shortwait>
		</shortforce>
	</treesum>
	<treesum>
		<ncopy> 1 </ncopy>
		<shortforce> coalesce short
			<shortpoint> 39 </shortpoint>
			<shortwait> 0.648178423876123122 </shortwait>
		</shortforce>
	</treesum>
	<treesum>
		<ncopy> 1 </ncopy>
		<shortforce> coalesce short
			<shortpoint> 39 </shortpoint>
			<shortwait> 0.763883897080663621 </shortwait>
		</shortforce>
	</treesum>
	<treesum>
		<ncopy> 1 </ncopy>
		<shortforce> coalesce short
			<shortpoint> 39 </shortpoint>
			<shortwait> 0.758646657753860643 </shortwait>
		</shortforce>
	</treesum>
	<treesum>
		<ncopy> 1 </ncopy>
		<shortforce> coalesce short
			<shortpoint> 39 </shortpoint>
			<shortwait> 0.758646657753860643 </shortwait>
		</shortforce>
	</treesum>
	<treesum>
		<ncopy> 1 </ncopy>
		<shortforce> coalesce short
			<shortpoint> 39 </shortpoint>
			<shortwait> 0.758484749721173301 </shortwait>
		</shortforce>
	</treesum>
	<treesum>
		<ncopy> 1 </ncopy>
		<shortforce> coalesce short
			<shortpoint> 39 </shortpoint>
			<shortwait> 0.761729479209382498 </shortwait>
		</shortforce>
	</treesum>
	<treesum>
		<ncopy> 1 </ncopy>
		<shortforce> coalesce short
			<shortpoint> 39 </shortpoint>
			<shortwait> 0.761729479209382498 </shortwait>
		</shortforce>
	</treesum>
	<treesum>
		<ncopy> 1 </ncopy>
		<shortforce> coalesce short
			<shortpoint> 39 </shortpoint>
			<shortwait> 0.761729479209382498 </shortwait>
		</shortforce>
	</treesum>
	<treesum>
		<ncopy> 1 </ncopy>
		<shortforce> coalesce short
			<shortpoint> 39 </shortpoint>
			<shortwait> 0.761729479209382498 </shortwait>
		</shortforce>
	</treesum>
	<treesum>
		<ncopy> 1 </ncopy>
		<shortforce> coalesce short
			<shortpoint> 39 </shortpoint>
			<shortwait> 0.765194744278610006 </shortwait>
		</shortforce>
	</treesum>
	<treesum>
		<ncopy> 1 </ncopy>
		<shortforce> coalesce short
			<shortpoint> 39 </shortpoint>
			<shortwait> 0.676917893437129603 </shortwait>
		</shortforce>
	</treesum>
	<treesum>
		<ncopy> 1 </ncopy>
		<shortforce> coalesce short
			<shortpoint> 39 </shortpoint>
			<shortwait> 0.676917893437129603 </shortwait>
		</shortforce>
	</treesum>
	<treesum>
		<ncopy> 1 </ncopy>
		<shortforce> coalesce short
			<shortpoint> 39 </shortpoint>
			<shortwait> 0.676917893437129603 </shortwait>
		</shortforce>
	</treesum>
	<treesum>
		<ncopy> 1 </ncopy>
		<shortforce> coalesce short
			<shortpoint> 39 </shortpoint>
			<shortwait> 0.676917893437129603 </shortwait>
		</shortforce>
	</treesum>
	<treesum>
		<ncopy> 1 </ncopy>
		<shortforce> coalesce short
			<shortpoint> 39 </shortpoint>
			<shortwait> 0.676917893437129603 </shortwait>
		</shortforce>
	</treesum>
	<treesum>
		<ncopy> 1 </ncopy>
		<shortforce> coalesce short
			<shortpoint> 39 </shortpoint>
			<shortwait> 0.632257563490243979 </shortwait>
		</shortforce>
	</treesum>
	<treesum>
		<ncopy> 1 </ncopy>
		<shortforce> coalesce short
			<shortpoint> 39 </shortpoint>
			<shortwait> 0.632257563490243979 </shortwait>
		</shortforce>
	</treesum>
	<treesum>
		<ncopy> 1 </ncopy>
		<shortforce> coalesce short
			<shortpoint> 39 </shortpoint>
			<shortwait> 0.635438915861654352 </shortwait>
		</shortforce>
	</treesum>
	<treesum>
		<ncopy> 1 </ncopy>
		<shortforce> coalesce short
			<shortpoint> 39 </shortpoint>
			<shortwait> 0.635438915861654352 </shortwait>
		</shortforce>
	</treesum>
	<treesum>
		<ncopy> 1 </ncopy>
		<shortforce> coalesce short
			<shortpoint> 39 </shortpoint>
			<shortwait> 0.635438915861654352 </shortwait>
		</shortforce>
	</treesum>
	<treesum>
		<ncopy> 1 </ncopy>
		<shortforce> coalesce short
			<shortpoint> 39 </shortpoint>
			<shortwait> 0.635438915861654352 </shortwait>
		</shortforce>
	</treesum>
	<treesum>
		<ncopy> 1 </ncopy>
		<shortforce> coalesce short
			<shortpoint> 39 </shortpoint>
			<shortwait> 0.636899150190363028 </shortwait>
		</shortforce>
	</treesum>
	<treesum>
		<ncopy> 1 </ncopy>
		<shortforce> coalesce short
			<shortpoint> 39 </shortpoint>
			<shortwait> 0.631195479891144551 </shortwait>
		</shortforce>
	</treesum>
	<treesum>
		<ncopy> 1 </ncopy>
		<shortforce> coalesce short
			<shortpoint> 39 </shortpoint>
			<shortwait> 0.631195479891144551 </shortwait>
		</shortforce>
	</treesum>
	<treesum>
		<ncopy> 1 </ncopy>
		<shortforce> coalesce short
			<shortpoint> 39 </shortpoint>
			<shortwait> 0.631195479891144551 </shortwait>
		</shortforce>
	</treesum>
	<treesum>
		<ncopy> 1 </ncopy>
		<shortforce> coalesce short
			<shortpoint> 39 </shortpoint>
			<shortwait> 0.660496582062754078 </shortwait>
		</shortforce>
	</treesum>
	<treesum>
		<ncopy> 1 </ncopy>
		<shortforce> coalesce short
			<shortpoint> 39 </shortpoint>
			<shortwait> 0.643738266776339163 </shortwait>
		</shortforce>
	</treesum>
	<treesum>
		<ncopy> 1 </ncopy>
		<shortforce> coalesce short
			<shortpoint> 39 </shortpoint>
			<shortwait> 0.634520565201342368 </shortwait>
		</shortforce>
	</treesum>
	<treesum>
		<ncopy> 1 </ncopy>
		<shortforce> coalesce short
			<shortpoint> 39 </shortpoint>
			<shortwait> 0.610091687750280331 </shortwait>
		</shortforce>
	</treesum>
	<treesum>
		<ncopy> 1 </ncopy>
		<shortforce> coalesce short
			<shortpoint> 39 </shortpoint>
			<shortwait> 0.596787482821705795 </shortwait>
		</shortforce>
	</treesum>
	<treesum>
		<ncopy> 1 </ncopy>
		<shortforce> coalesce short
			<shortpoint> 39 </shortpoint>
			<shortwait> 0.596787482821705795 </shortwait>
		</shortforce>
	</treesum>
	<treesum>
		<ncopy> 1 </ncopy>
		<shortforce> coalesce short
			<shortpoint> 39 </shortpoint>
			<shortwait> 0.596787482821705795 </shortwait>
		</shortforce>
	</treesum>
	<treesum>
		<ncopy> 1 </ncopy>
		<shortforce> coalesce short
			<shortpoint> 39 </shortpoint>
			<shortwait> 0.5928812809214552 </shortwait>
		</shortforce>
	</treesum>
	<treesum>
		<ncopy> 1 </ncopy>
		<shortforce> coalesce short
			<shortpoint> 39 </shortpoint>
			<shortwait> 0.670231851311024474 </shortwait>
		</shortforce>
	</treesum>
	<treesum>
		<ncopy> 1 </ncopy>
		<shortforce> coalesce short
			<shortpoint> 39 </shortpoint>
			<shortwait> 0.66070589087151177 </shortwait>
		</shortforce>
	</treesum>
	<treesum>
		<ncopy> 1 </ncopy>
		<shortforce> coalesce short
			<shortpoint> 39 </shortpoint>
			<shortwait> 0.66070589087151177 </shortwait>
		</shortforce>
	</treesum>
	<treesum>
		<ncopy> 1 </ncopy>
		<shortforce> coalesce short
			<shortpoint> 39 </shortpoint>
			<shortwait> 0.670203975058574764 </shortwait>
		</shortforce>
	</treesum>
	<treesum>
		<ncopy> 1 </ncopy>
		<shortforce> coalesce short
			<shortpoint> 39 </shortpoint>
			<shortwait> 0.659899507332994295 </shortwait>
		</shortforce>
	</treesum>
	<treesum>
		<ncopy> 1 </ncopy>
		<shortforce> coalesce short
			<shortpoint> 39 </shortpoint>
			<shortwait> 0.659452312205145774 </shortwait>
		</shortforce>
	</treesum>
	<treesum>
		<ncopy> 1 </ncopy>
		<shortforce> coalesce short
			<shortpoint> 39 </shortpoint>
			<shortwait> 0.659452312205145774 </shortwait>
		</shortforce>
	</treesum>
	<treesum>
		<ncopy> 1 </ncopy>
		<shortforce> coalesce short
			<shortpoint> 39 </shortpoint>
			<shortwait> 0.657913096835862743 </shortwait>
		</shortforce>
	</treesum>
</chainsum>
<chainpack>
	<number> 0 0 11 </number>
	<chainout>
		<badtrees> 0 </badtrees>
		<tinytrees> 0 </tinytrees>
		<stretchedtrees> 0 </stretchedtrees>
		<zerodltrees> 0 </zerodltrees>
		<accrate> 0.48899999999999999 </accrate>
		<llikemle> 0.069955248038509818 </llikemle>
		<llikedata> -692.499204602610234 </llikedata>
		<starttime> 1178321878 </starttime>
		<endtime> 1178321913 </endtime>
		<rates> <map> Haplotype-Arranger 453 454 </map> <map> Tree-Arranger 24 444 </map> <map> Tree-Size-Arranger 12 102 </map> </rates>
		<estimates>
			<thetas> 0.0168193383519046023 </thetas>
		</estimates>
	</chainout>
</chainpack>
<!-- End summary file
	 Generated from run that started at: Fri May  4 16:35:01 2007
	 and ended at: Fri May  4 16:38:33 2007 -->
</XML-summary-file>
